index	Chromosome	Start	End	count	in_orf	out_orf	in_orf_no_tr
0	chr16	89716595	89716596	1	yes		yes
1	chr16	89716615	89716616	1	yes		yes
2	chr16	89716644	89716645	0	yes		yes
3	chr16	89716653	89716654	1	yes		yes
4	chr16	89716654	89716655	0	yes		yes
5	chr16	89716656	89716657	1	yes		yes
6	chr16	89716681	89716682	1	yes		yes
7	chr16	89716697	89716698	0	yes		yes
8	chr16	89716699	89716700	0	yes		yes
9	chr16	89716707	89716708	0	yes		yes
10	chr16	89716725	89716726	0	yes		yes
11	chr16	89716809	89716810	0	yes		yes
12	chr16	89716847	89716848	0	yes		yes
13	chr16	89716874	89716875	0	yes		yes
14	chr16	89717345	89717346	1	yes		yes
15	chr16	89717360	89717361	1	yes		yes
16	chr16	89717474	89717475	1	yes		yes
17	chr16	89717482	89717483	1	yes		yes
18	chr16	89717490	89717491	0	yes		yes
19	chr16	89717492	89717493	0	yes		yes
20	chr16	89717494	89717495	0	yes		yes
21	chr16	89717498	89717499	0	yes		yes
22	chr16	89717502	89717503	0	yes		yes
23	chr16	89717503	89717504	1	yes		yes
24	chr16	89717514	89717515	1	yes		yes
25	chr16	89717523	89717524	1	yes		yes
26	chr16	89717527	89717528	1	yes		yes
27	chr16	89717542	89717543	0	yes		yes
28	chr16	89717550	89717551	1	yes		yes
29	chr16	89717564	89717565	1	yes		yes
30	chr16	89717572	89717573	0	yes		yes
31	chr16	89717581	89717582	0	yes		yes
32	chr16	89717590	89717591	0	yes		yes
33	chr16	89717593	89717594	1	yes		yes
34	chr16	89717606	89717607	1	yes		yes
35	chr16	89717606	89717607	0	yes		yes
36	chr16	89717611	89717612	0	yes		yes
37	chr16	89717613	89717614	0	yes		yes
38	chr16	89717619	89717620	2	yes		yes
39	chr16	89717678	89717679	0	yes		yes
40	chr16	89717737	89717738	1	yes		yes
41	chr16	89717743	89717744	1	yes		yes
42	chr16	89717748	89717749	1	yes		yes
43	chr16	89717758	89717759	0	yes		yes
44	chr16	89717769	89717770	1	yes		yes
45	chr16	89717779	89717780	1	yes		yes
46	chr16	89717783	89717784	1	yes		yes
47	chr16	89717845	89717846	1	yes		
48	chr16	89717854	89717855	1	yes		
49	chr16	89717864	89717865	1	yes		
50	chr16	89717869	89717870	1	yes		
51	chr16	89717881	89717882	0	yes		
52	chr16	89717887	89717888	0	yes		
53	chr16	89717892	89717893	0	yes		
54	chr16	89717896	89717897	1	yes		
55	chr16	89717897	89717898	1	yes		
56	chr16	89717940	89717941	1	yes		
57	chr16	89717952	89717953	0	yes		
58	chr16	89717973	89717974	0	yes		
59	chr16	89717989	89717990	1	yes		
60	chr16	89717996	89717997	1	yes		
61	chr16	89718057	89718058	2		yes	
62	chr16	89718102	89718103	0		yes	
